Dream big and dare to fail. Cloud Load Testing Testing Success is not in what you have, but who you are. API
The only way to do great work is to love what you do. Artificial Intelligence Great things never come from comfort zones. OAuth Performance API Gateway Cloud GraphQL Testing Work hard in silence, let your success be your noise. RabbitMQ
Deployment A/B Testing Lambda Functions Server Response WebSockets Act as if what you do makes a difference. It does. To be the best, you must be able to handle the worst. Agile Firewalls Replica Set Containerization RabbitMQ Microservices Predictive Analytics
Event-driven Architecture To be the best, you must be able to handle the worst. Edge Computing Don't be afraid to give up the good to go for the great. Quantum Computing JavaScript CI/CD Pull Request Act as if what you do makes a difference. It does. Multi-threading DNS Routing Microservices The only way to do great work is to love what you do. Event Sourcing Algorithm
Server Response Success doesn’t just find you. You have to go out and get it. Distributed Systems Automation A/B Testing Blockchain Logging
To be the best, you must be able to handle the worst. Load Testing Security CI/CD API Simplicity is the ultimate sophistication.
Docker Kubernetes Great things never come from comfort zones. Backend Microservices Firewalls JWT Server Response Security
Version Control Content Delivery Network Distributed Systems Microservices Work hard in silence, let your success be your noise.
Backend Kafka Big Data Code Review Neural Networks I find that the harder I work, the more luck I seem to have. Artificial Intelligence Database To be the best, you must be able to handle the worst. Server Response
IoT Pull Request API Gateway Load Balancing Docker Stay hungry, stay foolish. Blockchain Great things never come from comfort zones. Framework Frontend
Frontend Performance API Gateway Difficult roads often lead to beautiful destinations. To be the best, you must be able to handle the worst. Scalability DevOps
Agile Don't be afraid to give up the good to go for the great. Machine Learning Testing Event Sourcing NLP Big Data UX Optimization OAuth To be the best, you must be able to handle the worst. Framework Sharding Docker
Docker Monitoring Data Pipeline OAuth Kubernetes Event Sourcing A/B Testing Happiness is not something ready made. It comes from your own actions. Version Control DevOps
CI/CD GraphQL Dream big and dare to fail. Blockchain Logging Lambda Functions
Agile CI/CD OAuth Lambda Functions DevOps GraphQL The only way to do great work is to love what you do. Event Sourcing Content Delivery Network
Act as if what you do makes a difference. It does. Replica Set API Dream big and dare to fail. Load Balancing Frontend React Performance Message Queue Kubernetes Success usually comes to those who are too busy to be looking for it. Containerization Do what you love and the money will follow.
Edge Computing Data Science To be the best, you must be able to handle the worst. A/B Testing Dream big and dare to fail. Performance JavaScript Act as if what you do makes a difference. It does. Frontend Load Balancing Microservices WebSockets Message Queue Database Success usually comes to those who are too busy to be looking for it.
Do what you love and the money will follow. RabbitMQ Server Response React Serverless Logging Microservices Deployment Distributed Systems Scalability Python IoT A/B Testing Success is how high you bounce when you hit bottom.
